,Keywords
0,Abfindung
1,Abs
2,Abschnitt
3,AfA
4,Allgemeines
5,Anbau
6,Anhalt
7,Anlage
8,Antrags
9,Arbeitsleistung
10,Berechnung
11,Betracht
12,Betrieb
13,Betriebs
14,Betriebsausgaben
15,Betriebsinhaber
16,Betriebsvermögen
17,Bewirtschaftung
18,Bodens
19,Buchführung
20,Buchführungspflicht
21,Buchstabe
22,EStG
23,Ehegatten
24,Einkünfte
25,Einkünften
26,Erben
27,Erfassung
28,Erhöhte
29,Erlasses
30,Ermittlung
31,Festsetzung
32,Feststellung
33,Feststellungen
34,Finanzamt
35,Fläche
36,Flächen
37,Forstwirtschaft
38,Fragebogen
39,Freibetrag
40,Freibetrags
41,Gegenüberstellung
42,Gewinn
43,Gewinne
44,Gewinns
45,Gewährung
46,Grundstück
47,Grundstücke
48,Grundstücken
49,Herstellungskosten
50,III
51,Inventar
52,Land-
53,Landwirt
54,Nachweis
55,Nutzungen
56,Obstbau
57,Privatvermögen
58,Schuldzinsen
59,Schätzung
60,Sonderabschreibungen
61,Sonderausgaben
62,Steuerpflichtigen
63,Tieren
64,Tierhaltung
65,Tilgung
66,Veranlagung
67,Veräußerung
68,Veräußerungen
69,Wahlrecht
70,Weinbau
71,Werts
72,Wirtschaftsgüter
73,Wirtschaftsgütern
74,Wirtschaftsjahr
75,Wohnung
76,Wurde
77,Ziffer
78,Zuschlag
79,Zuschläge
80,abgesetzt
81,abweicht
82,angesetzten
83,anzusetzen
84,anzuwenden
85,aufgeführten
86,ausgewiesenen
87,bekanntgegeben
88,beschäftigten
89,bewirtschaftet
90,bezeichneten
91,dauernde
92,enthaltenen
93,entnommen
94,erfaßt
95,erhöhte
96,erhöhten
97,ermitteln
98,gehörende
99,gehörenden
100,gem
101,genutzte
102,gärtnerische
103,körperliche
104,land-
105,landwirtschaftlich
106,landwirtschaftliche
107,landwirtschaftlichen
108,landwirtschaftlicher
109,maßgebend
110,maßgebende
111,maßgebenden
112,nachgewiesenen
113,sachlichen
114,sinngemäß
115,unentgeltlich
116,veräußert
117,vgl
118,zuzurechnen
119,Überlassung
120,überführen
